{
  "lang":"en",
  "name":"pipeline",
  "version":"0.0.0",
  "spacy_version":">=3.0.6,<3.1.0",
  "description":"",
  "author":"",
  "email":"",
  "url":"",
  "license":"",
  "spacy_git_version":"df3444421",
  "vectors":{
    "width":0,
    "vectors":0,
    "keys":0,
    "name":null
  },
  "labels":{
    "tok2vec":[

    ],
    "ner":[
      "CAMP",
      "DATE",
      "EVENT",
      "GHETTO",
      "LOC",
      "NORP",
      "PERSON"
    ]
  },
  "pipeline":[
    "tok2vec",
    "ner"
  ],
  "components":[
    "tok2vec",
    "ner"
  ],
  "disabled":[

  ],
  "performance":{
    "ents_per_type":{
      "PERSON":{
        "p":0.8130601793,
        "r":0.8349769888,
        "f":0.8238728511
      },
      "DATE":{
        "p":0.8028967254,
        "r":0.7998745295,
        "f":0.8013827781
      },
      "NORP":{
        "p":0.9508310249,
        "r":0.9601398601,
        "f":0.9554627697
      },
      "CAMP":{
        "p":0.9854014599,
        "r":0.9854014599,
        "f":0.9854014599
      },
      "LOC":{
        "p":0.9912917271,
        "r":0.9956268222,
        "f":0.9934545455
      },
      "EVENT":{
        "p":1.0,
        "r":0.9696969697,
        "f":0.9846153846
      },
      "GHETTO":{
        "p":0.9444444444,
        "r":1.0,
        "f":0.9714285714
      }
    },
    "ents_f":0.878949302,
    "ents_p":0.8747714808,
    "ents_r":0.8831672204,
    "tok2vec_loss":511.1231975626,
    "ner_loss":1819.0935979214
  }
}